Dist,First,Last,Party,2023 PVI,2023 Raw PVI,Rank
AL-01@@1,Jerry,Carl,R,R+16@@366,R+16.47,366
AL-02@@2,Barry,Moore,R,R+17@@373,R+17.32,373
AL-03@@3,Mike,Rogers,R,R+19@@393,R+19.36,393
AL-04@@4,Robert,Aderholt,R,R+33@@435,R+33.24,435
AL-05@@5,Dale,Strong,R,R+17@@370,R+16.67,370
AL-06@@6,Gary,Palmer,R,R+18@@384,R+18.39,384
AL-07@@7,Terri,Sewell,D,D+14@@100,D+14.11,100
AK-AL@@8,Mary,Peltola,D,R+8@@271,R+8.02,271
AZ-01@@9,David,Schweikert,R,R+2@@223,R+2.01,223
AZ-02@@10,Eli,Crane,R,R+6@@257,R+6.35,257
AZ-03@@11,Ruben,Gallego,D,D+24@@42,D+24.02,42
AZ-04@@12,Greg,Stanton,D,D+2@@192,D+2.27,192
AZ-05@@13,Andy,Biggs,R,R+11@@302,R+11.11,302
AZ-06@@14,Juan,Ciscomani,R,R+3@@229,R+2.66,229
AZ-07@@15,Raúl,Grijalva,D,D+15@@91,D+14.98,91
AZ-08@@16,Debbie,Lesko,R,R+10@@289,R+9.69,289
AZ-09@@17,Paul,Gosar,R,R+16@@356,R+15.64,356
AR-01@@18,Rick,Crawford,R,R+22@@414,R+22.37,414
AR-02@@19,French,Hill,R,R+9@@284,R+9.03,284
AR-03@@20,Steve,Womack,R,R+15@@349,R+14.91,349
AR-04@@21,Bruce,Westerman,R,R+20@@395,R+19.55,395
CA-01@@22,Doug,LaMalfa,R,R+12@@312,R+12.21,312
CA-02@@23,Jared,Huffman,D,D+23@@48,D+23.19,48
CA-03@@24,Kevin,Kiley,R,R+4@@238,R+3.72,238
CA-04@@25,Mike,Thompson,D,D+17@@83,D+16.71,83
CA-05@@26,Tom,McClintock,R,R+9@@281,R+8.73,281
CA-06@@27,Ami,Bera,D,D+7@@147,D+7.39,147
CA-07@@28,Doris,Matsui,D,D+17@@80,D+17.4,80
CA-08@@29,John,Garamendi,D,D+26@@31,D+26.09,31
CA-09@@30,Josh,Harder,D,D+5@@169,D+4.58,169
CA-10@@31,Mark,DeSaulnier,D,D+18@@77,D+17.91,77
CA-11@@32,Nancy,Pelosi,D,D+37@@5,D+36.7,5
CA-12@@33,Barbara,Lee,D,D+40@@1,D+39.7,1
CA-13@@34,John,Duarte,R,D+4@@176,D+3.85,176
CA-14@@35,Eric,Swalwell,D,D+22@@57,D+21.7,57
CA-15@@36,Kevin,Mullin,D,D+28@@25,D+27.74,25
CA-16@@37,Anna,Eshoo,D,D+26@@35,D+25.63,35
CA-17@@38,Ro,Khanna,D,D+23@@47,D+23.31,47
CA-18@@39,Zoe,Lofgren,D,D+21@@58,D+21.38,58
CA-19@@40,Jimmy,Panetta,D,D+18@@72,D+18.46,72
CA-20@@41,Kevin,McCarthy,R,R+16@@355,R+15.59,355
CA-21@@42,Jim,Costa,D,D+9@@134,D+8.7,134
CA-22@@43,David,Valadao,R,D+5@@164,D+5.07,164
CA-23@@44,Jay,Obernolte,R,R+8@@267,R+7.69,267
CA-24@@45,Salud,Carbajal,D,D+13@@111,D+12.57,111
CA-25@@46,Raul,Ruiz,D,D+6@@157,D+6.18,157
CA-26@@47,Julia,Brownley,D,D+8@@141,D+7.96,141
CA-27@@48,Mike,Garcia,R,D+4@@173,D+4.05,173
CA-28@@49,Judy,Chu,D,D+16@@87,D+15.55,87
CA-29@@50,Tony,Cardenas,D,D+26@@33,D+25.79,33
CA-30@@51,Adam,Schiff,D,D+23@@50,D+22.67,50
CA-31@@52,Grace,Napolitano,D,D+15@@94,D+14.83,94
CA-32@@53,Brad,Sherman,D,D+20@@67,D+19.53,67
CA-33@@54,Pete,Aguilar,D,D+12@@118,D+11.71,118
CA-34@@55,Jimmy,Gomez,D,D+32@@13,D+32.46,13
CA-35@@56,Norma,Torres,D,D+13@@105,D+13.32,105
CA-36@@57,Ted,Lieu,D,D+21@@61,D+20.81,61
CA-37@@58,Sydney,Kamlager,D,D+37@@6,D+36.63,6
CA-38@@59,Linda,Sanchez,D,D+14@@98,D+14.33,98
CA-39@@60,Mark,Takano,D,D+12@@116,D+11.86,116
CA-40@@61,Young,Kim,R,R+2@@222,R+1.86,222
CA-41@@62,Ken,Calvert,R,R+3@@233,R+3.17,233
CA-42@@63,Robert,Garcia,D,D+22@@54,D+22.37,54
CA-43@@64,Maxine,Waters,D,D+32@@14,D+31.98,14
CA-44@@65,Nanette,Barragan,D,D+24@@43,D+24,43
CA-45@@66,Michelle,Steel,R,D+2@@193,D+2.14,193
CA-46@@67,Lou,Correa,D,D+15@@92,D+14.93,92
CA-47@@68,Katie,Porter,D,D+3@@181,D+3.28,181
CA-48@@69,Darrell,Issa,R,R+9@@287,R+9.33,287
CA-49@@70,Mike,Levin,D,D+3@@184,D+3.14,184
CA-50@@71,Scott,Peters,D,D+14@@96,D+14.38,96
CA-51@@72,Sara,Jacobs,D,D+12@@119,D+11.56,119
CA-52@@73,Juan,Vargas,D,D+18@@76,D+18.28,76
CO-01@@74,Diana,DeGette,D,D+29@@22,D+28.92,22
CO-02@@75,Joe,Neguse,D,D+17@@79,D+17.5,79
CO-03@@76,Lauren,Boebert,R,R+7@@262,R+7.06,262
CO-04@@77,Ken,Buck,R,R+13@@322,R+12.85,322
CO-05@@78,Doug,Lamborn,R,R+9@@283,R+8.94,283
CO-06@@79,Jason,Crow,D,D+9@@132,D+9.01,132
CO-07@@80,Brittany,Petterson,D,D+4@@175,D+3.89,175
CO-08@@81,Yadira,Caraveo,D,EVEN@@215,R+0.45,215
CT-01@@82,John,Larson,D,D+12@@117,D+11.75,117
CT-02@@83,Joe,Courtney,D,D+3@@187,D+2.86,187
CT-03@@84,Rosa,DeLauro,D,D+7@@149,D+7.32,149
CT-04@@85,Jim,Himes,D,D+13@@109,D+13.07,109
CT-05@@86,Jahana,Hayes,D,D+3@@189,D+2.66,189
DE-AL@@87,Lisa,Blunt Rochester,D,D+7@@153,D+6.74,153
FL-01@@88,Matt,Gaetz,R,R+19@@391,R+19.31,391
FL-02@@89,Neal,Dunn,R,R+8@@268,R+7.7,268
FL-03@@90,Kat,Cammack,R,R+9@@286,R+9.24,286
FL-04@@91,Aaron,Bean,R,R+6@@251,R+5.88,251
FL-05@@92,John,Rutherford,R,R+11@@297,R+10.86,297
FL-06@@93,Michael,Waltz,R,R+14@@337,R+13.98,337
FL-07@@94,Cory,Mills,R,R+5@@247,R+5.1,247
FL-08@@95,Bill,Posey,R,R+11@@305,R+11.37,305
FL-09@@96,Darren,Soto,D,D+8@@140,D+8.05,140
FL-10@@97,Maxwell,Frost,D,D+14@@99,D+14.3,99
FL-11@@98,Daniel,Webster,R,R+8@@272,R+8.04,272
FL-12@@99,Gus,Bilirakis,R,R+17@@369,R+16.58,369
FL-13@@100,Anna,Paulina Luna,R,R+6@@250,R+5.58,250
FL-14@@101,Kathy,Castor,D,D+8@@139,D+8.13,139
FL-15@@102,Laurel,Lee,R,R+4@@237,R+3.67,237
FL-16@@103,Vern,Buchanan,R,R+7@@261,R+6.99,261
FL-17@@104,Greg,Steube,R,R+10@@292,R+10.15,292
FL-18@@105,Scott,Franklin,R,R+13@@329,R+13.39,329
FL-19@@106,Byron,Donalds,R,R+13@@323,R+12.91,323
FL-20@@107,Sheila,Cherfilus-McCormick,D,D+25@@37,D+25.1,37
FL-21@@108,Brian,Mast,R,R+7@@259,R+6.86,259
FL-22@@109,Lois,Frankel,D,D+7@@150,D+7.26,150
FL-23@@110,Jared,Moskowitz,D,D+5@@165,D+4.81,165
FL-24@@111,Frederica,Wilson,D,D+25@@40,D+24.64,40
FL-25@@112,Debbie,Wasserman Schultz,D,D+9@@130,D+9.2,130
FL-26@@113,Mario,Diaz-Balart,R,R+8@@276,R+8.41,276
FL-27@@114,Maria,Elvira Salazar,R,EVEN@@211,D+0.15,211
FL-28@@115,Carlos,Gimenez,R,R+2@@227,R+2.37,227
GA-01@@116,Buddy,Carter,R,R+9@@285,R+9.19,285
GA-02@@117,Sanford,Bishop,D,D+3@@185,D+3.11,185
GA-03@@118,Drew,Ferguson,R,R+18@@380,R+17.99,380
GA-04@@119,Hank,Johnson,D,D+27@@29,D+26.63,29
GA-05@@120,Nikema,Williams,D,D+32@@15,D+31.65,15
GA-06@@121,Rich,McCormick,R,R+11@@301,R+11.08,301
GA-07@@122,Lucy,McBath,D,D+10@@127,D+9.64,127
GA-08@@123,Austin,Scott,R,R+16@@363,R+16.38,363
GA-09@@124,Andrew,Clyde,R,R+22@@413,R+22.26,413
GA-10@@125,Mike,Collins,R,R+15@@346,R+14.6,346
GA-11@@126,Barry,Loudermilk,R,R+11@@299,R+11.03,299
GA-12@@127,Rick,Allen,R,R+8@@266,R+7.52,266
GA-13@@128,David,Scott,D,D+28@@24,D+27.87,24
GA-14@@129,Marjorie Taylor ,Greene,R,R+22@@408,R+21.77,408
HI-01@@130,Ed,Case,D,D+14@@104,D+13.6,104
HI-02@@131,Jill,Tokuda,D,D+14@@103,D+13.7,103
ID-01@@132,Russ,Fulcher,R,R+22@@412,R+22.18,412
ID-02@@133,Mike,Simpson,R,R+15@@344,R+14.5,344
IL-01@@134,Jonathan,Jackson,D,D+20@@63,D+20.38,63
IL-02@@135,Robin,Kelly,D,D+19@@71,D+18.75,71
IL-03@@136,Delia,Ramirez,D,D+20@@65,D+19.8,65
IL-04@@137,Chuy,García,D,D+22@@52,D+22.46,52
IL-05@@138,Mike,Quigley,D,D+18@@74,D+18.34,74
IL-06@@139,Sean,Casten,D,D+3@@182,D+3.27,182
IL-07@@140,Danny,Davis,D,D+36@@8,D+35.72,8
IL-08@@141,Raja,Krishnamoorthi,D,D+6@@158,D+6,158
IL-09@@142,Jan,Schakowsky,D,D+19@@68,D+19.44,68
IL-10@@143,Brad,Schneider,D,D+11@@123,D+10.98,123
IL-11@@144,Bill,Foster,D,D+5@@162,D+5.3,162
IL-12@@145,Mike,Bost,R,R+24@@421,R+23.97,421
IL-13@@146,Nikki,Budzinski,D,D+3@@180,D+3.44,180
IL-14@@147,Lauren,Underwood,D,D+4@@179,D+3.56,179
IL-15@@148,Mary,Miller,R,R+22@@410,R+21.95,410
IL-16@@149,Darin,LaHood,R,R+13@@331,R+13.46,331
IL-17@@150,Eric,Sorensen,D,D+2@@196,D+1.91,196
IN-01@@151,Frank,Mrvan,D,D+3@@188,D+2.77,188
IN-02@@152,Rudy,Yakym,R,R+14@@336,R+13.95,336
IN-03@@153,Jim,Banks,R,R+18@@379,R+17.97,379
IN-04@@154,Jim,Baird,R,R+18@@376,R+17.72,376
IN-05@@155,Victoria,Spartz,R,R+11@@303,R+11.21,303
IN-06@@156,Greg,Pence,R,R+19@@389,R+19.18,389
IN-07@@157,André,Carson,D,D+19@@69,D+18.95,69
IN-08@@158,Larry,Bucshon,R,R+19@@388,R+19.03,388
IN-09@@159,Erin,Houchin,R,R+16@@361,R+16.18,361
IA-01@@160,Mariannette,Miller-Meeks,R,R+3@@236,R+3.49,236
IA-02@@161,Ashley,Hinson,R,R+4@@241,R+4.28,241
IA-03@@162,Zach,Nunn,R,R+3@@228,R+2.52,228
IA-04@@163,Randy,Feenstra,R,R+16@@354,R+15.52,354
KS-01@@164,Tracey,Mann,R,R+18@@378,R+17.87,378
KS-02@@165,Jake,LaTurner,R,R+11@@296,R+10.78,296
KS-03@@166,Sharice,Davids,D,R+1@@217,R+1,217
KS-04@@167,Ron,Estes,R,R+14@@338,R+13.99,338
KY-01@@168,James,Comer,R,R+24@@422,R+24.02,422
KY-02@@169,Brett,Guthrie,R,R+21@@402,R+21.15,402
KY-03@@170,Morgan,McGarvey,D,D+9@@136,D+8.6,136
KY-04@@171,Thomas,Massie,R,R+19@@392,R+19.33,392
KY-05@@172,Hal,Rogers,R,R+32@@434,R+32.24,434
KY-06@@173,Andy,Barr,R,R+9@@278,R+8.52,278
LA-01@@174,Steve,Scalise,R,R+23@@416,R+22.76,416
LA-02@@175,Troy,Carter,D,D+25@@38,D+24.91,38
LA-03@@176,Clay,Higgins,R,R+21@@405,R+21.25,405
LA-04@@177,Mike,Johnson,R,R+14@@340,R+14.15,340
LA-05@@178,Julia,Letlow,R,R+17@@371,R+16.97,371
LA-06@@179,Garret,Graves,R,R+19@@394,R+19.48,394
ME-01@@180,Chellie,Pingree,D,D+9@@133,D+8.76,133
ME-02@@181,Jared,Golden,D,R+6@@249,R+5.57,249
MD-01@@182,Andy,Harris,R,R+11@@295,R+10.6,295
MD-02@@183,Dutch,Ruppersberger,D,D+7@@145,D+7.47,145
MD-03@@184,John,Sarbanes,D,D+10@@128,D+9.62,128
MD-04@@185,Glenn,Ivey,D,D+40@@2,D+39.51,2
MD-05@@186,Steny,Hoyer,D,D+15@@90,D+15.08,90
MD-06@@187,David,Trone,D,D+2@@195,D+1.97,195
MD-07@@188,Kweisi,Mfume,D,D+30@@18,D+30.11,18
MD-08@@189,Jamie,Raskin,D,D+29@@21,D+29.49,21
MA-01@@190,Richard,Neal,D,D+9@@135,D+8.68,135
MA-02@@191,Jim,McGovern,D,D+13@@108,D+13.08,108
MA-03@@192,Lori,Trahan,D,D+11@@120,D+11.41,120
MA-04@@193,Jake,Auchincloss,D,D+12@@114,D+11.94,114
MA-05@@194,Katherine,Clark,D,D+23@@46,D+23.35,46
MA-06@@195,Seth,Moulton,D,D+11@@122,D+11.01,122
MA-07@@196,Ayanna,Pressley,D,D+35@@9,D+35,9
MA-08@@197,Stephen,Lynch,D,D+15@@89,D+15.25,89
MA-09@@198,Bill,Keating,D,D+6@@156,D+6.29,156
MI-01@@199,Jack,Bergman,R,R+13@@320,R+12.59,320
MI-02@@200,John,Moolenaar,R,R+16@@367,R+16.48,367
MI-03@@201,Hillary,Scholten,D,D+1@@203,D+1.28,203
MI-04@@202,Bill,Huizenga,R,R+5@@244,R+4.74,244
MI-05@@203,Tim,Walberg,R,R+15@@345,R+14.56,345
MI-06@@204,Debbie,Dingell,D,D+11@@124,D+10.89,124
MI-07@@205,Elissa,Slotkin,D,R+2@@226,R+2.12,226
MI-08@@206,Dan,Kildee,D,R+1@@218,R+1.07,218
MI-09@@207,Lisa,McClain,R,R+18@@374,R+17.54,374
MI-10@@208,John,James,R,R+3@@231,R+3.05,231
MI-11@@209,Haley,Stevens,D,D+7@@148,D+7.38,148
MI-12@@210,Rashida,Tlaib,D,D+23@@51,D+22.54,51
MI-13@@211,Shri,Thanedar,D,D+23@@45,D+23.47,45
MN-01@@212,Brad,Finstad,R,R+7@@265,R+7.41,265
MN-02@@213,Angie,Craig,D,D+1@@208,D+0.61,208
MN-03@@214,Dean,Phillips,D,D+8@@144,D+7.54,144
MN-04@@215,Betty,McCollum,D,D+17@@84,D+16.61,84
MN-05@@216,Ilhan,Omar,D,D+30@@20,D+29.73,20
MN-06@@217,Tom,Emmer,R,R+12@@311,R+11.99,311
MN-07@@218,Michelle,Fischbach,R,R+19@@390,R+19.26,390
MN-08@@219,Pete,Stauber,R,R+8@@273,R+8.04,273
MS-01@@220,Trent,Kelly,R,R+18@@383,R+18.35,383
MS-02@@221,Bennie,Thompson,D,D+11@@121,D+11.19,121
MS-03@@222,Michael,Guest,R,R+15@@347,R+14.74,347
MS-04@@223,Mike,Ezell,R,R+22@@407,R+21.74,407
MO-01@@224,Cori,Bush,D,D+27@@27,D+27.32,27
MO-02@@225,Ann,Wagner,R,R+7@@263,R+7.1,263
MO-03@@226,Blaine,Luetkemeyer,R,R+16@@358,R+16.03,358
MO-04@@227,Mark,Alford,R,R+23@@415,R+22.62,415
MO-05@@228,Emanuel,Cleaver,D,D+11@@125,D+10.78,125
MO-06@@229,Sam,Graves,R,R+21@@403,R+21.19,403
MO-07@@230,Eric,Burlison,R,R+24@@420,R+23.76,420
MO-08@@231,Jason,Smith,R,R+28@@430,R+28.11,430
MT-01@@232,Ryan,Zinke,R,R+6@@255,R+6.23,255
MT-02@@233,Matt,Rosendale,R,R+16@@362,R+16.3,362
NE-01@@234,Mike,Flood,R,R+9@@280,R+8.67,280
NE-02@@235,Don,Bacon,R,EVEN@@210,D+0.17,210
NE-03@@236,Adrian,Smith,R,R+29@@431,R+28.89,431
NV-01@@237,Dina,Titus,D,D+3@@190,D+2.61,190
NV-02@@238,Mark,Amodei,R,R+8@@274,R+8.05,274
NV-03@@239,Susie,Lee,D,D+1@@201,D+1.46,201
NV-04@@240,Steven,Horsford,D,D+3@@191,D+2.59,191
NH-01@@241,Chris,Pappas,D,EVEN@@212,D+0.06,212
NH-02@@242,Annie,Kuster,D,D+2@@200,D+1.71,200
NJ-01@@243,Donald,Norcross,D,D+10@@126,D+10.32,126
NJ-02@@244,Jeff,Van Drew,R,R+5@@245,R+4.81,245
NJ-03@@245,Andy,Kim,D,D+5@@168,D+4.61,168
NJ-04@@246,Chris,Smith,R,R+14@@339,R+14.13,339
NJ-05@@247,Josh,Gottheimer,D,D+4@@177,D+3.72,177
NJ-06@@248,Frank,Pallone,D,D+8@@142,D+7.95,142
NJ-07@@249,Tom,Kean,R,R+1@@219,R+1.33,219
NJ-08@@250,Robert,Menendez,D,D+22@@56,D+21.95,56
NJ-09@@251,Bill,Pascrell,D,D+8@@138,D+8.31,138
NJ-10@@252,Donald,Payne,D,D+30@@19,D+30.01,19
NJ-11@@253,Mikie,Sherrill,D,D+6@@160,D+5.8,160
NJ-12@@254,Bonnie,Watson Coleman,D,D+12@@113,D+12.09,113
NM-01@@255,Melanie,Stansbury,D,D+5@@167,D+4.7,167
NM-02@@256,Gabe,Vasquez,D,D+1@@205,D+1.12,205
NM-03@@257,Teresa,Leger Fernandez,D,D+4@@178,D+3.59,178
NY-01@@258,Nick,LaLota,R,R+3@@230,R+2.93,230
NY-02@@259,Andrew,Garbarino,R,R+3@@235,R+3.4,235
NY-03@@260,George,Santos,R,D+2@@198,D+1.78,198
NY-04@@261,Anthony,D'Esposito,R,D+5@@163,D+5.09,163
NY-05@@262,Gregory,Meeks,D,D+30@@17,D+30.42,17
NY-06@@263,Grace,Meng,D,D+15@@95,D+14.73,95
NY-07@@264,Nydia,Velazquez,D,D+31@@16,D+31.1,16
NY-08@@265,Hakeem,Jeffries,D,D+26@@32,D+25.83,32
NY-09@@266,Yvette,Clarke,D,D+25@@36,D+25.11,36
NY-10@@267,Daniel,Goldman,D,D+35@@11,D+34.69,11
NY-11@@268,Nicole,Malliotakis,R,R+6@@252,R+5.89,252
NY-12@@269,Jerry,Nadler,D,D+34@@12,D+34.23,12
NY-13@@270,Adriano,Espaillat,D,D+38@@4,D+38.29,4
NY-14@@271,Alexandria,Ocasio-Cortez,D,D+28@@23,D+27.94,23
NY-15@@272,Ritchie,Torres,D,D+35@@10,D+34.85,10
NY-16@@273,Jamaal,Bowman,D,D+20@@64,D+20.14,64
NY-17@@274,Mike,Lawler,R,D+3@@186,D+2.88,186
NY-18@@275,Pat,Ryan,D,D+1@@202,D+1.31,202
NY-19@@276,Marc,Molinaro,R,EVEN@@214,R+0.43,214
NY-20@@277,Paul,Tonko,D,D+7@@152,D+6.94,152
NY-21@@278,Elise,Stefanik,R,R+9@@282,R+8.82,282
NY-22@@279,Brandon,Williams,R,D+1@@204,D+1.15,204
NY-23@@280,Nick,Langworthy,R,R+12@@310,R+11.75,310
NY-24@@281,Claudia,Tenney,R,R+11@@307,R+11.45,307
NY-25@@282,Joe,Morelle,D,D+7@@146,D+7.39,146
NY-26@@283,Brian,Higgins,D,D+9@@131,D+9.02,131
NC-01@@284,Don,Davis,D,D+2@@194,D+2.05,194
NC-02@@285,Deborah,Ross,D,D+12@@115,D+11.89,115
NC-03@@286,Greg,Murphy,R,R+15@@350,R+14.99,350
NC-04@@287,Valerie,Foushee,D,D+16@@85,D+15.76,85
NC-05@@288,Virginia,Foxx,R,R+13@@324,R+13,324
NC-06@@289,Kathy,Manning,D,D+4@@171,D+4.08,171
NC-07@@290,David,Rouzer,R,R+8@@277,R+8.49,277
NC-08@@291,Dan,Bishop,R,R+20@@396,R+19.63,396
NC-09@@292,Richard,Hudson,R,R+6@@254,R+6.08,254
NC-10@@293,Patrick,McHenry,R,R+22@@411,R+22.16,411
NC-11@@294,Chuck,Edwards,R,R+8@@270,R+7.83,270
NC-12@@295,Alma,Adams,D,D+13@@110,D+12.7,110
NC-13@@296,Wiley,Nickel,D,R+2@@221,R+1.64,221
NC-14@@297,Jeff,Jackson,D,D+6@@161,D+5.54,161
ND-AL@@298,Kelly,Armstrong,R,R+20@@397,R+19.85,397
OH-01@@299,Greg,Landsman,D,D+2@@199,D+1.75,199
OH-02@@300,Brad,Wenstrup,R,R+25@@424,R+24.87,424
OH-03@@301,Joyce,Beatty,D,D+20@@66,D+19.71,66
OH-04@@302,Jim,Jordan,R,R+20@@398,R+20.49,398
OH-05@@303,Bob,Latta,R,R+15@@353,R+15.48,353
OH-06@@304,Bill,Johnson,R,R+16@@360,R+16.11,360
OH-07@@305,Max,Miller,R,R+7@@260,R+6.98,260
OH-08@@306,Warren,Davidson,R,R+14@@333,R+13.74,333
OH-09@@307,Marcy,Kaptur,D,R+3@@234,R+3.22,234
OH-10@@308,Mike,Turner,R,R+4@@239,R+4.12,239
OH-11@@309,Shontel,Brown,D,D+28@@26,D+27.63,26
OH-12@@310,Troy,Balderson,R,R+18@@375,R+17.58,375
OH-13@@311,Emilia,Sykes,D,R+1@@216,R+0.64,216
OH-14@@312,David,Joyce,R,R+9@@288,R+9.45,288
OH-15@@313,Mike,Carey,R,R+6@@253,R+5.92,253
OK-01@@314,Kevin,Hern,R,R+14@@335,R+13.88,335
OK-02@@315,Josh,Brecheen,R,R+29@@432,R+28.89,432
OK-03@@316,Frank,Lucas,R,R+24@@423,R+24.38,423
OK-04@@317,Tom,Cole,R,R+19@@385,R+18.55,385
OK-05@@318,Stephanie,Bice,R,R+12@@318,R+12.4,318
OR-01@@319,Suzanne,Bonamici,D,D+18@@78,D+17.74,78
OR-02@@320,Cliff,Bentz,R,R+15@@352,R+15.21,352
OR-03@@321,Earl,Blumenauer,D,D+22@@55,D+22.18,55
OR-04@@322,Val,Hoyle,D,D+4@@174,D+4.05,174
OR-05@@323,Lori,Chavez-DeRemer,R,D+2@@197,D+1.82,197
OR-06@@324,Andrea,Salinas,D,D+4@@172,D+4.06,172
PA-01@@325,Brian,Fitzpatrick,R,EVEN@@213,R+0.13,213
PA-02@@326,Brendan,Boyle,D,D+20@@62,D+20.46,62
PA-03@@327,Dwight,Evans,D,D+39@@3,D+38.99,3
PA-04@@328,Madeleine,Dean,D,D+7@@151,D+7.01,151
PA-05@@329,Mary,Gay Scanlon,D,D+14@@102,D+13.97,102
PA-06@@330,Chrissy,Houlahan,D,D+5@@166,D+4.76,166
PA-07@@331,Susan,Wild,D,R+2@@225,R+2.12,225
PA-08@@332,Matt,Cartwright,D,R+4@@240,R+4.12,240
PA-09@@333,Dan,Meuser,R,R+21@@400,R+21.03,400
PA-10@@334,Scott,Perry,R,R+5@@246,R+4.85,246
PA-11@@335,Lloyd,Smucker,R,R+13@@330,R+13.42,330
PA-12@@336,Summer,Lee,D,D+8@@143,D+7.85,143
PA-13@@337,John,Joyce,R,R+25@@425,R+25.12,425
PA-14@@338,Guy,Reschenthaler,R,R+18@@381,R+18.07,381
PA-15@@339,Glenn,Thompson,R,R+21@@399,R+20.79,399
PA-16@@340,Mike,Kelly,R,R+13@@321,R+12.71,321
PA-17@@341,Chris,Deluzio,D,EVEN@@209,D+0.37,209
RI-01@@342,David,Cicilline,D,D+12@@112,D+12.39,112
RI-02@@343,Seth,Magaziner,D,D+4@@170,D+4.24,170
SC-01@@344,Nancy,Mace,R,R+7@@264,R+7.24,264
SC-02@@345,Joe,Wilson,R,R+8@@275,R+8.27,275
SC-03@@346,Jeff,Duncan,R,R+21@@401,R+21.15,401
SC-04@@347,William,Timmons,R,R+12@@313,R+12.22,313
SC-05@@348,Ralph,Norman,R,R+12@@309,R+11.53,309
SC-06@@349,Jim,Clyburn,D,D+14@@97,D+14.33,97
SC-07@@350,Russell,Fry,R,R+11@@308,R+11.48,308
SD-AL@@351,Dusty,Johnson,R,R+16@@359,R+16.05,359
TN-01@@352,Diana,Harshbarger,R,R+30@@433,R+30.06,433
TN-02@@353,Tim,Burchett,R,R+18@@377,R+17.82,377
TN-03@@354,Chuck,Fleischmann,R,R+19@@387,R+18.8,387
TN-04@@355,Scott,DesJarlais,R,R+22@@409,R+21.77,409
TN-05@@356,Andy,Ogles,R,R+9@@279,R+8.56,279
TN-06@@357,John,Rose,R,R+17@@372,R+17.3,372
TN-07@@358,Mark,Green,R,R+10@@291,R+10.05,291
TN-08@@359,David,Kustoff,R,R+21@@404,R+21.23,404
TN-09@@360,Steve,Cohen,D,D+22@@53,D+22.39,53
TX-01@@361,Nathaniel,Moran,R,R+26@@427,R+25.53,427
TX-02@@362,Dan,Crenshaw,R,R+15@@348,R+14.84,348
TX-03@@363,Keith,Self,R,R+11@@298,R+10.92,298
TX-04@@364,Pat,Fallon,R,R+16@@364,R+16.39,364
TX-05@@365,Lance,Gooden,R,R+14@@341,R+14.24,341
TX-06@@366,Jake,Ellzey,R,R+15@@351,R+15.12,351
TX-07@@367,Lizzie,Fletcher,D,D+13@@107,D+13.29,107
TX-08@@368,Morgan,Luttrell,R,R+16@@365,R+16.44,365
TX-09@@369,Al,Green,D,D+26@@34,D+25.68,34
TX-10@@370,Michael,McCaul,R,R+13@@319,R+12.59,319
TX-11@@371,August,Pfluger,R,R+23@@417,R+22.83,417
TX-12@@372,Kay,Granger,R,R+12@@314,R+12.26,314
TX-13@@373,Ronny,Jackson,R,R+26@@429,R+26.05,429
TX-14@@374,Randy,Weber,R,R+17@@368,R+16.52,368
TX-15@@375,Monica,De La Cruz,R,R+1@@220,R+1.36,220
TX-16@@376,Veronica,Escobar,D,D+17@@81,D+17.06,81
TX-17@@377,Pete,Sessions,R,R+14@@343,R+14.32,343
TX-18@@378,Sheila,Jackson Lee,D,D+23@@49,D+23.16,49
TX-19@@379,Jodey,Arrington,R,R+26@@428,R+25.92,428
TX-20@@380,Joaquin,Castro,D,D+15@@93,D+14.88,93
TX-21@@381,Chip,Roy,R,R+13@@327,R+13.16,327
TX-22@@382,Troy,Nehls,R,R+11@@300,R+11.05,300
TX-23@@383,Tony,Gonzales,R,R+5@@248,R+5.27,248
TX-24@@384,Beth,Van Duyne,R,R+10@@290,R+9.81,290
TX-25@@385,Roger,Williams,R,R+19@@386,R+18.66,386
TX-26@@386,Michael,Burgess,R,R+13@@325,R+13.04,325
TX-27@@387,Michael,Cloud,R,R+13@@328,R+13.32,328
TX-28@@388,Henry,Cuellar,D,D+3@@183,D+3.2,183
TX-29@@389,Sylvia,Garcia,D,D+18@@73,D+18.44,73
TX-30@@390,Jasmine,Crockett,D,D+27@@28,D+26.8,28
TX-31@@391,John,Carter,R,R+14@@332,R+13.72,332
TX-32@@392,Colin,Allred,D,D+14@@101,D+14.05,101
TX-33@@393,Marc,Veasey,D,D+24@@44,D+23.68,44
TX-34@@394,Vicente,Gonzalez,D,D+9@@137,D+8.6,137
TX-35@@395,Greg,Casar,D,D+21@@60,D+20.97,60
TX-36@@396,Brian,Babin,R,R+18@@382,R+18.29,382
TX-37@@397,Lloyd,Doggett,D,D+24@@41,D+24.29,41
TX-38@@398,Wesley,Hunt,R,R+12@@317,R+12.38,317
UT-01@@399,Blake,Moore,R,R+12@@316,R+12.3,316
UT-02@@400,Chris,Stewart,R,R+11@@304,R+11.24,304
UT-03@@401,John,Curtis,R,R+13@@326,R+13.08,326
UT-04@@402,Burgess,Owens,R,R+16@@357,R+15.94,357
VT-AL@@403,Becca,Balint,D,D+16@@88,D+15.54,88
VA-01@@404,Rob,Wittman,R,R+6@@256,R+6.34,256
VA-02@@405,Jen,Kiggans,R,R+2@@224,R+2.05,224
VA-03@@406,Bobby,Scott,D,D+17@@82,D+17.04,82
VA-04@@407,Don,McEachin,D,D+16@@86,D+15.75,86
VA-05@@408,Bob,Good,R,R+7@@258,R+6.62,258
VA-06@@409,Ben,Cline,R,R+14@@334,R+13.83,334
VA-07@@410,Abigail,Spanberger,D,D+1@@207,D+0.88,207
VA-08@@411,Don,Beyer,D,D+26@@30,D+26.27,30
VA-09@@412,Morgan,Griffith,R,R+23@@419,R+23.32,419
VA-10@@413,Jennifer,Wexton,D,D+6@@159,D+5.92,159
VA-11@@414,Gerry,Connolly,D,D+18@@75,D+18.29,75
WA-01@@415,Suzan,DelBene,D,D+13@@106,D+13.31,106
WA-02@@416,Rick,Larsen,D,D+9@@129,D+9.29,129
WA-03@@417,Marie,Gluesenkamp Perez,D,R+5@@243,R+4.62,243
WA-04@@418,Dan,Newhouse,R,R+11@@306,R+11.41,306
WA-05@@419,Cathy,McMorris Rodgers,R,R+8@@269,R+7.74,269
WA-06@@420,Derek,Kilmer,D,D+6@@155,D+6.31,155
WA-07@@421,Pramila,Jayapal,D,D+36@@7,D+36.5,7
WA-08@@422,Kim,Schrier,D,D+1@@206,D+1.05,206
WA-09@@423,Adam,Smith,D,D+21@@59,D+21.11,59
WA-10@@424,Marilyn,Strickland,D,D+7@@154,D+6.66,154
WV-01@@425,Carol,Miller,R,R+23@@418,R+23.23,418
WV-02@@426,Alex,Mooney,R,R+22@@406,R+21.52,406
WI-01@@427,Bryan,Steil,R,R+3@@232,R+3.1,232
WI-02@@428,Mark,Pocan,D,D+19@@70,D+18.93,70
WI-03@@429,Derrick,Van Orden,R,R+4@@242,R+4.36,242
WI-04@@430,Gwen,Moore,D,D+25@@39,D+24.76,39
WI-05@@431,Scott,Fitzgerald,R,R+14@@342,R+14.29,342
WI-06@@432,Glenn,Grothman,R,R+10@@294,R+10.24,294
WI-07@@433,Tom,Tiffany,R,R+12@@315,R+12.27,315
WI-08@@434,Mike,Gallagher,R,R+10@@293,R+10.16,293
WY-AL@@435,Harriet,Hageman,R,R+25@@426,R+25.27,426